<?xml version="1.0" encoding="utf-8" ?>
<dwsync>
<file name="style.css" server="C:/wamp/www/admintech/" local="130150059460529234" remote="130150059460000000" Dst="0" />
<file name="bullet.png" server="C:/wamp/www/admintech/" local="129945162980000000" remote="129945162980000000" Dst="0" />
<file name="arrows.png" server="C:/wamp/www/admintech/" local="129945162980000000" remote="129945162980000000" Dst="0" />
<file name="bg.png" server="C:/wamp/www/admintech/" local="130150059463539406" remote="130150059460000000" Dst="0" />
<file name="triangle.png" server="C:/wamp/www/admintech/" local="129945162980000000" remote="129945162980000000" Dst="0" />
<file name="jquery.js" server="C:/wamp/www/admintech/" local="130035068600000000" remote="130035068600000000" Dst="0" />
<file name="wowslider.js" server="C:/wamp/www/admintech/" local="130150061138395203" remote="130150061130000000" Dst="0" />
<file name="script.js" server="C:/wamp/www/admintech/" local="130150059461819308" remote="130150059460000000" Dst="0" />
</dwsync>