<?xml version="1.0" encoding="utf-8" ?>
<dwsync>
<file name="-plainheaderimage-admin.png" server="C:/wamp/www/admintech/" local="130147368028414555" remote="130147368020000000" Dst="0" />
<file name="1329734123_320302846_1-Pictures-of--Computer-Training-Institute.jpg" server="C:/wamp/www/admintech/" local="130147379337741411" remote="130147379330000000" Dst="0" />
<file name="b1keyboard02.jpg" server="C:/wamp/www/admintech/" local="130147381818773318" remote="130147381810000000" Dst="0" />
<file name="gr.jpg" server="C:/wamp/www/admintech/" local="130147386105038478" remote="130147386100000000" Dst="0" />
<file name="graphic-design.jpg" server="C:/wamp/www/admintech/" local="130147384690877593" remote="130147384690000000" Dst="0" />
<file name="knowledge.jpg" server="C:/wamp/www/admintech/" local="130147368116489592" remote="130147368110000000" Dst="0" />
<file name="programming-code.jpg" server="C:/wamp/www/admintech/" local="130147391194869600" remote="130147391190000000" Dst="0" />
<file name="programming.jpg" server="C:/wamp/www/admintech/" local="130147387944923714" remote="130147387940000000" Dst="0" />
<file name="sample1.png" server="C:/wamp/www/admintech/" local="130147357504652630" remote="130147357500000000" Dst="0" />
<file name="sample2.png" server="C:/wamp/www/admintech/" local="130147362540660673" remote="130147362540000000" Dst="0" />
<file name="social-media-diagram-wide31.png" server="C:/wamp/www/admintech/" local="130147372436116661" remote="130147372430000000" Dst="0" />
<file name="social-media.jpg" server="C:/wamp/www/admintech/" local="130147379467288821" remote="130147379460000000" Dst="0" />
<file name="socialmedia.jpg" server="C:/wamp/www/admintech/" local="130147372167871318" remote="130147372160000000" Dst="0" />
<file name="social_media.jpg" server="C:/wamp/www/admintech/" local="130147371150083104" remote="130147371150000000" Dst="0" />
<file name="technology-partners.png" server="C:/wamp/www/admintech/" local="130147359792073463" remote="130147359790000000" Dst="0" />
<file name="understanding-the-social-media-roi-cycle-c53324d7d4.jpg" server="C:/wamp/www/admintech/" local="130147371483322164" remote="130147371480000000" Dst="0" />
</dwsync>