<?xml version="1.0" encoding="utf-8" ?>
<dwsync>
<file name="fonts-face.css" server="C:/wamp/www/iwf/" local="129962916680000000" remote="129962916680000000" Dst="0" />
<file name="transition.css" server="C:/wamp/www/iwf/" local="130137917362362709" remote="130137917360000000" Dst="0" />
<file name="drop-down.css" server="C:/wamp/www/iwf/" local="130143146157512714" remote="130143146150000000" Dst="0" />
<file name="search.css" server="C:/wamp/www/iwf/" local="130027702340000000" remote="130027702340000000" Dst="0" />
<file name="fonts-face.css" server="C:/wamp/www/admintech/" local="129962916680000000" remote="129962916680000000" Dst="0" />
<file name="transition.css" server="C:/wamp/www/admintech/" local="130137917362362709" remote="130137917360000000" Dst="0" />
<file name="drop-down.css" server="C:/wamp/www/admintech/" local="130147452568639979" remote="130147452560000000" Dst="0" />
<file name="search.css" server="C:/wamp/www/admintech/" local="130027702340000000" remote="130027702340000000" Dst="0" />
<file name="allybajab.css" server="C:/wamp/www/admintech/" local="130147465445066468" remote="130147465440000000" Dst="0" />
</dwsync>